abstract	แอ็บสแตรกต์	
academy	อะคาเดมี	
accent	แอกเซนต์	ยังไม่มีในระบบ
access	แอกเซส	
accessory	แอกเซสเซอรี	
accident	แอกซิเดนต์	
accord	แอกคอร์ด	ยังไม่มีในระบบ
account	แอกเคานต์	แอ็กเคานต์
ace	เอซ	ยังไม่มีในระบบ
acid	แอซิด	
acknowledge	อักนอลิดจ์	ยังไม่มีในระบบ
acoustics	อะคูสติกส์	
acre	เอเคอร์	
act	แอกต์	ยังไม่มีในระบบ
acting	แอกติง	
action	แอกชัน	
activist	แอกทิวิสต์	ยังไม่มีในระบบ
activity	แอกทิวิตี	
actor	แอกเตอร์	ยังไม่มีในระบบ
actress	แอกเทรส	ยังไม่มีในระบบ
adapt	อะแดปต์	
adapter	อะแดปเตอร์	อะแด็ปเตอร์
add	แอด	ยังไม่มีในระบบ
addict	แอดดิกต์	
address	แอดเดรส	ยังไม่มีในระบบ
ad-lib	แอดลิบ	ยังไม่มีในระบบ
admission	แอดมิสชัน	
admit	แอดมิต	
adopt	อะดอปต์	ยังไม่มีในระบบ
advance	แอดวานซ์	ยังไม่มีในระบบ
advertising	แอดเวอร์ไทซิง	ยังไม่มีในระบบ
advise	แอดไวส์	ยังไม่มีในระบบ
advisor	แอดไวเซอร์	ยังไม่มีในระบบ
advisory	แอดไวเซอรี	
aerobic	แอโรบิก	
against	อะเกนสต์	ยังไม่มีในระบบ
agency	เอเจนซี	
agenda	อะเจนดา	ยังไม่มีในระบบ
agent	เอเจนต์	
aggressive	แอกเกรสซิฟ	ยังไม่มีในระบบ
agree	อะกรี	ยังไม่มีในระบบ
agreement	อะกรีเมนต์	ยังไม่มีในระบบ
AIDS	เอดส์	ยังไม่มีในระบบ
air	แอร์	ยังไม่มีในระบบ
airbag	แอร์แบก	ยังไม่มีในระบบ
airbus	แอร์บัส	
air conditioner	แอร์คอนดิชันเนอร์	ยังไม่มีในระบบ
aircraft	แอร์คราฟต์	
air hostess	แอร์โฮสเตส	ยังไม่มีในระบบ
airline	แอร์ไลน์	
air pollution	แอร์พอลลูชัน	ยังไม่มีในระบบ
airport	แอร์พอร์ต	
alarm	อะลาร์ม	ยังไม่มีในระบบ
album	อัลบัม	
alcohol	แอลกอฮอล์	
alert	อะเลิร์ต	
alien	เอเลียน	
alienate	เอเลียนเนต	ยังไม่มีในระบบ
A-list	เอ-ลิสต์	ยังไม่มีในระบบ
alpha	แอลฟา	
alternative	ออลเทอร์นาทิฟ	
amateur	แอมาชัวร์	ยังไม่มีในระบบ
amazing	อะเมซิง	
ambulance	แอมบิวลันซ์	ยังไม่มีในระบบ
amen	อาเมน	
American share	อเมริกันแชร์	ยังไม่มีในระบบ
ammeter	แอมมิเตอร์	
amoeba	อะมีบา	
ampere	แอมแปร์	
analog	แอนะล็อก	
analysis	อะแนลิซิส	ยังไม่มีในระบบ
anatomy	อะนาโตมี	
angel	เอนเจล	
animation	แอนิเมชัน	
annoy	แอนนอย	ยังไม่มีในระบบ
anonymous	อะนอนิมัส	
anti	แอนตี้	ยังไม่มีในระบบ
antibiotic	แอนติไบโอติก	
antibody	แอนติบอดี	
apartment	อะพาร์ตเมนต์	
apex	เอเพกซ์	
appearance	อัปเพียรันซ์	ยังไม่มีในระบบ
appetite	แอปพิไทต์	ยังไม่มีในระบบ
appetizer	แอปพิไทเซอร์	ยังไม่มีในระบบ
application	แอปพลิเคชัน	
apply	แอปพลาย	
appreciate	อัปพรีชีเอต	
approach	อัปโพรช	ยังไม่มีในระบบ
approve	อัปรูฟ	ยังไม่มีในระบบ
aquarium	อะควาเรียม	อะแควเรียม
arabic	อาระบิก	
arc	อาร์ก	ยังไม่มีในระบบ
arcade	อาร์เคด	
archbishop	อาร์ชบิชอป	
architecture	อาร์คิเทกเชอร์	
archives	อาร์ไคฟส์	ยังไม่มีในระบบ
arena	อารีนา	
argument	อาร์กิวเมนต์	ยังไม่มีในระบบ
arm	อาร์ม	
armchair	อาร์มแชร์	
aroma	อะโรมา	
aroma therapy	อะไรมาเทราปี	ยังไม่มีในระบบ
arrange	อาร์เรนจ์	ยังไม่มีในระบบ
arrival	อาร์ไรวัล	ยังไม่มีในระบบ
art	อาร์ต	ยังไม่มีในระบบ
art gallery	อาร์ตแกลเลอรี	ยังไม่มีในระบบ
article	อาร์ติเคิล	ยังไม่มีในระบบ
artist	อาร์ตทิสต์	ยังไม่มีในระบบ
art work	อาร์ตเวิร์ก	
aspirin	แอสไพริน	
asset	แอสเซต	
assign	อัสไซน์	ยังไม่มีในระบบ
associate	แอสโซซีเอต	
aster	แอสเตอร์	
atom	อะตอม	
attack	อัตแทก	ยังไม่มีในระบบ
attend	อัตเทนต์	ยังไม่มีในระบบ
attitude	แอตติจูด	
audience	ออเดียนซ์	ยังไม่มีในระบบ
audit	ออดิต	
audition	ออดิชัน	ยังไม่มีในระบบ
aura	ออรา	
authority	ออทอริตี	
auto	ออโต	
autobiography	ออโตไบโอกราฟี	ยังไม่มีในระบบ
automatic	ออโตแมติก	ยังไม่มีในระบบ
automation	ออโตเมชัน	
autumn	ออทัมน์	
average	แอฟเวอเรจ	ยังไม่มีในระบบ
award	อะวอร์ด	
awesome	ออว์ซัม	ยังไม่มีในระบบ
baby boom	เบบีบูม	ยังไม่มีในระบบ
baby face	เบบีเฟซ	ยังไม่มีในระบบ
babysit	เบบีซิต	ยังไม่มีในระบบ
babysitter	เบบีซิตเตอร์	ยังไม่มีในระบบ
baby walker	เบบีวอล์กเกอร์	ยังไม่มีในระบบ
backdrop	แบ็กดร็อป	
background	แบ็กกราวนด์	
backhand	แบกแฮนด์	
backpack	แบกแพก	แบ็กแพ็ก
backpacker	แบกแพกเกอร์	ยังไม่มีในระบบ
back up	แบกอัป	แบ็กอัป
backyard	แบกยาร์ด	แบ็กยาร์ด
bacteria	แบคทีเรีย	
bad boy	แบดบอย	ยังไม่มีในระบบ
badge	แบดจ์	
badminton	แบดมินตัน	
baggage	แบกเกจ	
bakery	เบเกอรี	
balance	บาลันซ์	
balcony	บัลโคนี	แบลโคนี
ball	บอล	
ballad	แบลลัด	
ballet	บัลเลต์	
balloon	บอลลูน	
ballroom	บอลรูม	
balm	บาล์ม	
ban	แบน	ยังไม่มีในระบบ
band	แบนด์	
bank	แบงก์	
bankrupt	แบงก์รัปต์	ยังไม่มีในระบบ
banquet	แบงเคว็ต	
bar	บาร์	ยังไม่มีในระบบ
bar beer	บาร์เบียร์	ยังไม่มีในระบบ
barbell	บาร์เบล	
barber	บาร์เบอร์	
bar code	บาร์โคด	
baron	บารอน	
baroque	บารอก	
barrel	บาร์เรล	
barrier	แบร์รีเออร์	ยังไม่มีในระบบ
bartender	บาร์เทนเดอร์	
barter	บาร์เตอร์	
base	เบส	
basement	เบสเมนต์	
basic	เบซิก	เบสิก
basketball	บาสเกตบอล	
bass	เบส	
batic	บาติก	
battery	แบตเตอรี่	
battle	แบตเทิล	แบ็ตเทิล
bazaar	บาซาร์	
beach	บีช	
beat	บีต	
beauty	บิวตี	
beauty salon	บิวตีซาลอน	ยังไม่มีในระบบ
beer	เบียร์	
beer garden	เบียร์การ์เดน	
beginner	บีกินเนอร์	บิกินเนอร์
behavior	บีเฮฟวีเออร์	ยังไม่มีในระบบ
beige	เบจ	
bellboy	เบลบอย	
benefit	เบเนฟิต	
benzine	เบนซิน	
beret	เบเรต์	
bestseller	เบสต์เซลเลอร์	
beta	บีตา	
beverage	เบฟเวอเรจ	
bias	ไบอัส	ยังไม่มีในระบบ
bibliography	บีบลีโอกราฟี	ยังไม่มีในระบบ
bibliomania	บีบลีโอมาเนีย	ยังไม่มีในระบบ
big	บิ๊ก	บิก
bikini	บิกินี	
bill	บิล	
billboard	บิลบอร์ด	
billiards	บิลเลียด	
billionaire	บิลเลียนแนร์	ยังไม่มีในระบบ
binary	ไบนารี	ยังไม่มีในระบบ
bingo	บิงโก	
bio-data	ไบโอดาตา	ยังไม่มีในระบบ
biography	ไบโอกราฟี	ยังไม่มีในระบบ
birdie	เบอร์ดี	
birthday	เบิร์ทเดย์	
bisexual	ไบเซ็กชวล	
bishop	บิชอป	
bit	บิต	ยังไม่มีในระบบ
black	แบล็ก	
blacklist	แบล็กลิสต์	
blackmail	แบล็กเมล	
black-tie	แบล็กไท	
blame	เบลม	
blank	แบลงก์	
blast	บลาสต์	
blazer	เบลเซอร์	
bleed	บลีด	
bleeding	บลีดดิง	ยังไม่มีในระบบ
blend	เบลนด์	
blender	เบลนเดอร์	
blind date	ไบลนด์เดต	ยังไม่มีในระบบ
block	บล็อก	
blogger	บล็อกเกอร์	
blond	บลอนด์	
blossom	บลอสซัม	
blue	บลู	
blue collar	บลูคอลลาร์	ยังไม่มีในระบบ
bluetooth	บลูทูท	
bluff	บลัฟ	
blur	เบลอร์	
blushon	บลัชออน	
board	บอร์ด	
boat	โบต	
body	บอดี	
bodyguard	บอดีการ์ด	
bogie	โบกี	
boing	โบอิง	
bomb	บอมบ์	
bonsai	บอนไซ	บนไซ
bonus	โบนัส	
book	บุ๊ก	
bookie	บุกกี	ยังไม่มีในระบบ
boom	บูม	ยังไม่มีในระบบ
boomerang	บูเมอแรง	
boost	บูสต์	
boot	บูต	
booth	บูท	
borax	บอแรกซ์	
boron	บอรอน	โบรอน
boss	บอส	
both	โบท	ยังไม่มีในระบบ
botox	โบท็อกซ์	ยังไม่มีในระบบ
boutique	บูทีก	บูติก
bow	โบ	
bowl	โบวล์	
box	บอกซ์	
boxer	บอกเซอร์	
boycott	บอยคอต	บอยคอตต์
bra	บรา	ยังไม่มีในระบบ
brake	เบรก	
brand	แบรนด์	
brand name	แบรนด์เนม	
brandy	บรั่นดี	
brassiere	บราเซียร์	
break	เบรก	
bridge	บริดจ์	
brief	บรีฟ	
bright	ไบรต์	
broadcast	บรอดคาสต์	
brochure	โบรชัวร์	
broker	โบรกเกอร์	
bronze	บรอนซ์	
buddy	บัดดี	
budget	บัดเจต	บัดเจด
buffet	บุฟเฟต์	
building	บิลดิง	
built	บิลต์	
built-in	บิลต์อิน	
bump	บัมป์	
bungalow	บังกะโล	
bunker	บังเกอร์	
burger	เบอร์เกอร์	
business	บิซิเนส	
bus lane	บัสเลน	ยังไม่มีในระบบ
buy	บาย	
bypass	บายพาส	ยังไม่มีในระบบ
byte	ไบต์	
cabaret	คาบาเรต์	
cabin	เคบิน	
cable	เคเบิล	
cable TV	เคเบิลทีวี	ยังไม่มีในระบบ
caddy	แคดดี	ยังไม่มีในระบบ
cadet	คาเดต	
cafe	คาเฟ	
cafeteria	คาเฟทีเรีย	
caffeine	กาเฟอีน	
cake	เค้ก	
calcium	แคลเซียม	
calculus	แคลคูลัส	
call center	คอลเซนเตอร์	
calorie	แคลอรี	
camp	แคมป์	
campaign	แคมเพน	
campus	แคมปัส	
cancel	แคนเซิล	
candidate	แคนดิเดต	
candy	แคนดี	
cannon	แคนนอน	
canoe	คานู	
canteen	แคนทีน	
cap	แก๊ป	แคป
capsule	แคปซูล	
captain	กัปตัน	
caption	แคปชัน	
capture	แคปเชอร์	
carat	กะรัต	
caravan	คาราวาน	
carbon	คาร์บอน	
carbon dioxide	คาร์บอนไดออกไซด์	
card	การ์ด	
cardinal	คาร์ดินัล	
care	แคร์	
carnival	คาร์นิวัล	
carol	แครอล	
carpet	คาร์เพต	
car seat	คาร์ซีต	
cartoon	การ์ตูน	
case	เคส	
cashier	แคชเชียร์	
casino	กาสิโน	
cassette	แคสเซต	ยังไม่มีในระบบ
catalog	แค็ตตาล็อก	
catholic	คาทอลิก	
cd-rom	ซีดีรอม	
cell	เซลล์	
cello	เชลโล	
cellulose	เซลลูโลส	
celsius	เซลเซียส	
cement	ซีเมนต์	
censor	เซนเซอร์	
cent	เซนต์	ยังไม่มีในระบบ
center	เซนเตอร์	
CEO	ซีอีโอ	ยังไม่มีในระบบ
ceramic	เซรามิก	
chalk	ชอล์ก	
champ	แชมป์	
champion	แชมเปียน	
champoo	แชมพู	ยังไม่มีในระบบ
channel	แชนเนล	
character	แครักเตอร์	
charge	ชาร์จ	
chart	ชาร์ต	
chassis	แชสซี	
chauffeur	โชเฟอร์	
check	เช็ก	
check-in	เช็กอิน	
checklist	เช็กลิสต์	
checkout	เช็กเอาต์	
cheer	เชียร์	
chef	เชฟ	
cheque	เช็ค	
chic	ชิก	
chip	ชิป	
chlorine	คลอรีน	
chlorophyll	คลอโรฟิลล์	
chocolate	ช็อกโกแลต	
choice	ชอยซ์	
choke	โช้ก	
cholesterol	คอเลสเตอรอล	คอเลสเทอรอล
chord	คอร์ด	
chorus	คอรัส	
christmas	คริสต์มาส	
chromosome	โครโมโซม	
cider	ไซเดอร์	
cigar	ซิการ์	
cigarette	ซิกาเรต	ซิกาแร็ต/ซิกาเร็ตต์
cinema	ซิเนมา	
cinnamon	ซินนามอน	
civilize	ซิวิไลซ์	ซิวไลซ์
claim	เคลม	
class	คลาส	
classic	คลาสสิก	
clear	เคลียร์	
click	คลิก	
climax	ไคลแมกซ์	
clinic	คลินิก	
clip	คลิป	
clone	โคลน	ยังไม่มีในระบบ
club	คลับ	
club house	คลับเฮาส์	
clutch	คลัตช์	
coach	โคช	
coat	โคต	
coca	โคคา	ยังไม่มีในระบบ
coccus	ค็อกคัส	
cock	ก๊อก	
cocktail	ค็อกเทล	
cocoa	โกโก้	ยังไม่มีในระบบ
code	โคด	
coffee	คอฟฟี	ยังไม่มีในระบบ
coke	โค้ก	ยังไม่มีในระบบ
cold	โคลด์	
collection	คอลเลกชัน	
colour	คัลเลอร์	
column	คอลัมน์	
columnist	คอลัมนนิสต์	
coma	โคม่า	
combat	คอมแบต	
comeback	คัมแบก	ยังไม่มีในระบบ
comedy	คอเมดี	
comfort	คอมฟอร์ต	
comic	คอมิก	
command	คอมมานด์	ยังไม่มีในระบบ
commando	คอมมานโด	คอมมานด์
comment	คอมเมนต์	
commission	คอมมิสชัน	
common	คอมมอน	ยังไม่มีในระบบ
commonsense	คอมมอนเซนส์	
commonwealth	คอมมอนเวลท์	ยังไม่มีในระบบ
communist	คอมมิวนิสต์	
community	คอมมูนิตี	
compact	คอมแพกต์	
company	คัมพานี	
complain	คอมเพลน	
computer	คอมพิวเตอร์	
concept	คอนเซปต์	
concert	คอนเสิร์ต	
concord	คองคอร์ด	ยังไม่มีในระบบ
concrete	คอนกรีต	
condominium	คอนโดมิเนียม	
conductor	คอนดักเตอร์	ยังไม่มีในระบบ
cone	โคน	ยังไม่มีในระบบ
conference	คอนเฟอเรนซ์	ยังไม่มีในระบบ
conflict	คอนฟลิกต์	
connection	คอนเนกชัน	คอนเน็กชัน
consul	กงสุล	ยังไม่มีในระบบ
consulting	คอนซัลติง	
consumer	คอนซูมเมอร์	คอนซูเมอร์
contact	คอนแทกต์	ยังไม่มีในระบบ
contact lens	คอนแทกต์เลนส์	คอนแท็กต์เลนส์
container	คอนเทนเนอร์	
contemporary	คอนเทมเพอรารี	คอมเทมพอรารี
content	คอนเทนต์	
contest	คอนเทสต์	
continue	คอนทินิว	
contrast	คอนทราสต์	
control	คอนโทรล	
convent	คอนเวนต์	คอนแวนต์
convert	คอนเวิร์ต	
cook	กุ๊ก	
cookie	คุกกี้	
cool	คูล	ยังไม่มีในระบบ
cooler	คูลเลอร์	
coordinate	โคออร์ดิเนต	
copy	ก๊อบปี้	
corner	คอร์เนอร์	
corporation	คอร์เพอเรชัน	
correct	คอร์เรกต์	
corruption	คอร์รัปชัน	
cosmetics	คอสเมติกส์	
cosmic	คอสมิก	
cosplay	คอสเพลย์	
cost	คอสต์	
count	เคานต์	
counter	เคาน์เตอร์	
country	คันทรี	
coupon	คูปอง	
course	คอร์ส	
court	คอร์ต	
cover	คัฟเวอร์	
cowboy	คาวบอย	
coyote	โคโยตี	ยังไม่มีในระบบ
cracker	แครกเกอร์	
craft	คราฟต์	
crazy	เครซี	
cream	ครีม	
creative	ครีเอทีฟ	
credit	เครดิต	
credit card	เครดิตการ์ด	
crochet	โครเชต์	
cross-stitch	ครอสสติตช์	
crusade	ครูเซด	
cube	คิวบ์	ยังไม่มีในระบบ
cubic	คิวบิก	
cue	คิว	ยังไม่มีในระบบ
cuisine	ควีซีน	ยังไม่มีในระบบ
culture	คัลเชอร์	
cup	คัป	
cupid	คิวพิด	
curfew	เคอร์ฟิว	
cursor	เคอร์เซอร์	ยังไม่มีในระบบ
curve	เคิร์ฟ	
customer	คัสโตเมอร์	
cut	คัต	
cutout	คัตเอาต์	
cutter	คัตเตอร์	
cyber	ไซเบอร์	
cycle	ไซเคิล	ไซเกิล
cyclone	ไซโคลน	
cyder	ไซเดอร์	
czar	ซาร์	
D.J.	ดีเจ	
dance	แดนซ์	
dancer	แดนเซอร์	
data	ดาตา	
date	เดต	
d-day	ดีเดย์	
dead	เดด	ยังไม่มีในระบบ
deadline	เดดไลน์	ยังไม่มีในระบบ
deal	ดีล	
dealer	ดีลเลอร์	
debate	ดิเบต	
debit	เดบิต	
debit card	เดบิตการ์ด	ยังไม่มีในระบบ
decade	เดเคด	ยังไม่มีในระบบ
decor	เดคอร์	
degree	ดีกรี	ยังไม่มีในระบบ
delay	ดีเลย์	
delete	ดีลีต	
delicate	เดลิเคต	ยังไม่มีในระบบ
delivery	ดิลิฟเวอรี	ดิลิเวอรี
delta	เดลตา	
deluxe	ดีลักซ์	
demand	ดีมานด์	
demo	เดโม	
department store	ดีพาร์ตเมนต์สตอร์	
depression	ดีเปรสชัน	
derby	ดาร์บี	
design	ดีไซน์	ดิไซน์
designer	ดีไซเนอร์	ดิไซเนอร์
desktop	เดสก์ทอป	เดสก์ท็อป
detox	ดีทอกซ์	ยังไม่มีในระบบ
devil	เดวิล	
dialogue	ไดอะลอก	
diary	ไดอะรี	
dictionary	ดิกชันนารี	ยังไม่มีในระบบ
diesel	ดีเซล	
diet	ไดเอต	
digest	ไดเจสต์	
digital	ดิจิทัล	
dinner	ดินเนอร์	
dinosaur	ไดโนเสาร์	
diploma	ดิโพลมา	
direct	ไดเรกต์	
director	ไดเรกเตอร์	ยังไม่มีในระบบ
disc	ดิสก์	
discharge	ดิสชาร์จ	ยังไม่มีในระบบ
disco	ดิสโก	
discotheque	ดิสโกเทก	
discount	ดิสเกานต์	ยังไม่มีในระบบ
diskette	ดิสเกต	
doctor	ดอกเตอร์	
document	ดอกคิวเมนต์	
dolby	ดอลบี	
dollar	ดอลลาร์	
dome	โดม	
domain	โดเมน	ยังไม่มีในระบบ
dominant	ดอมินันต์	
domino	ดอมิโน	
dope	โดป	
dose	โดส	
dot	ดอต	
double	ดับเบิล	
down	ดาวน์	
download	ดาวน์โหลด	
draft	ดราฟต์	
drama	ดรามา	ยังไม่มีในระบบ
drink	ดริงก์	
drive	ไดรฟ์	
driver	ไดรฟ์เวอร์	ยังไม่มีในระบบ
drop	ดร็อป	
drum	ดรัม	ยังไม่มีในระบบ
dry	ดราย	
duchess	ดัชเชส	ยังไม่มีในระบบ
duet	ดิวเอต	
dump	ดัมป์	
duo	ดูโอ	ยังไม่มีในระบบ
dutch	ดัตช์	
duty	ดิวตี	ยังไม่มีในระบบ
duty-free	ดิวตีฟรี	ยังไม่มีในระบบ
dynamic	ไดแนมิก	ไดนามิก
dynamo	ไดนาโม	
east	อีสต์	ยังไม่มีในระบบ
easy	อีซี	ยังไม่มีในระบบ
e-book	อีบุ๊ก	ยังไม่มีในระบบ
echo	เอกโค	ยังไม่มีในระบบ
e-commerce	อีคอมเมิร์ซ	
edit	เอดิต	ยังไม่มีในระบบ
effect	เอฟเฟกต์	
ego	อีโก	
e-learning	อีเลิร์นนิง	ยังไม่มีในระบบ
electron	อิเล็กตรอน	
electronics	อิเล็กทรอนิกส์	
element	เอลิเมนต์	ยังไม่มีในระบบ
e-mail	อีเมล	
emotion	อีโมชัน	
empire	เอมไพร์	ยังไม่มีในระบบ
employment	เอมพลอยเมนต์	
encyclopaedia	เอนไซโคลพีเดีย	
energy	เอเนอร์จี	
enjoy	เอนจอย	
enterprise	เอนเตอร์ไพรส์	เอนเทอร์ไพรส์
entertain	เอนเตอร์เทน	ยังไม่มีในระบบ
entertainer	เอนเตอร์เทนเนอร์	ยังไม่มีในระบบ
entertainment	เอนเตอร์เทนเมนต์	เอนเทอร์เทนเมนต์
entrance	เอนทรานซ์	
environment	เอนไวรอนเมนต์	
enzyme	เอนไซม์	
EQ	อีคิว	ยังไม่มีในระบบ
era	เอรา	ยังไม่มีในระบบ
erotic	อีรอติก	ยังไม่มีในระบบ
escort	เอสกอร์ต	ยังไม่มีในระบบ
esquire	เอสไกวร์	ยังไม่มีในระบบ
ethics	เอทิกส์	
e-ticket	อีทิกเกต	ยังไม่มีในระบบ
evaluation	อีแวลูเอชัน	
event	อีเวนต์	
evolution	อีโวลูชัน	
example	เอกแซมเพิล	
exciting	เอกไซติง	เอกซ์ไซติง
exclusive	เอกซ์คลูซิฟ	
executive	เอกเซกคิวทิฟ	
exercise	เอกเซอร์ไซส์	
exhibition	เอกซิบิชัน	
exit	เอกซิต	
exit poll	เอกซิตโพล	ยังไม่มีในระบบ
expert	เอกซ์เพิร์ต	
expire	เอกซ์ไพร์	ยังไม่มีในระบบ
expo	เอกซ์โป	ยังไม่มีในระบบ
export	เอกซ์พอร์ต	
express	เอกซ์เพรส	
expressway	เอกซ์เพรสเวย์	ยังไม่มีในระบบ
extra	เอกซ์ทรา	
extract	เอกซ์แทรกซ์	เอกซ์แทร็กต์
extreme	เอกซ์ทรีม	เอ็กซ์ตรีม
eyeliner	อายไลเนอร์	
eyeshadow	อายแชโดว์	
face	เฟซ	ยังไม่มีในระบบ
facebook	เฟซบุ๊ก	
fact	แฟกต์	
factor	แฟกเตอร์	ยังไม่มีในระบบ
factory	แฟกเทอรี	
fade	เฟด	
fail	เฟล	ยังไม่มีในระบบ
fair	แฟร์	
fake	เฟก	ยังไม่มีในระบบ
family	แฟมิลี	
fan	แฟน	ยังไม่มีในระบบ
fanclub	แฟนคลับ	
fancy	แฟนซี	
fantasy	แฟนทาซี	
farm	ฟาร์ม	
fascist	ฟาสซิสต์	
fashion	แฟชั่น	
fast	ฟาสต์	ยังไม่มีในระบบ
fast food	ฟาสต์ฟูด	
fatherland	ฟาเทอร์แลนด์	ยังไม่มีในระบบ
favorite	เฟเวอริต	
fax	แฟกซ์	
federal	เฟเดอรัล	ยังไม่มีในระบบ
feedback	ฟีดแบก	ฟีดแบ็ก
feeling	ฟีลลิง	
ferry	เฟอร์รี	
festival	เฟสติวัล	
fever	ฟีเวอร์	
fiber	ไฟเบอร์	
fiberglass	ไฟเบอร์กลาส	
field	ฟิลด์	
fight	ไฟต์	
file	ไฟล์	ยังไม่มีในระบบ
film	ฟิล์ม	
filter	ฟิลเตอร์	
final	ไฟนัล	ยังไม่มีในระบบ
finale	ฟินาเล	ยังไม่มีในระบบ
finance	ไฟแนนซ์	
finish	ฟินิช	
firm	เฟิร์ม	ยังไม่มีในระบบ
first	เฟิสต์	
fit	ฟิต	
fitness	ฟิตเนส	
fix	ฟิกซ์	
flash	แฟลซ	
flashback	แฟลชแบก	ยังไม่มีในระบบ
flat	แฟลต	
flavour	เฟลเวอร์	ยังไม่มีในระบบ
flax	แฟลกซ์	
fleet	ฟลีต	
flight	ไฟลต์	
floor	ฟลอร์	
flow	โฟลว์	
flowchart	โฟลว์ชาร์ต	ยังไม่มีในระบบ
flower	ฟลาวเวอร์	
fluke	ฟลูก	ยังไม่มีในระบบ
flush	ฟลัช	
flute	ฟลูต	
foam	โฟม	
focus	โฟกัส	
foil	ฟอยล์	
folk	โฟล์ก	
font	ฟอนต์	
food center	ฟูดเซนเตอร์	ยังไม่มีในระบบ
food court	ฟูดคอร์ต	ยังไม่มีในระบบ
foot	ฟุต	
footwork	ฟุตเวิร์ก	
foreman	ฟอร์แมน	
forest	ฟอเรสต์	
form	ฟอร์ม	
format	ฟอร์แมต	ยังไม่มีในระบบ
formula	ฟอร์มิวลา	ยังไม่มีในระบบ
fortune	ฟอร์จูน	
fossil	ฟอสซิล	
foul	ฟาวล์	ยังไม่มีในระบบ
foundation	เฟาน์เดชัน	
fox trot	ฟอกซ์ทรอต	
frame	เฟรม	ยังไม่มีในระบบ
franc	แฟรงก์	ยังไม่มีในระบบ
franchise	แฟรนไชส์	
francium	แฟรนเซียม	
free	ฟรี	
freelance	ฟรีแลนซ์	ยังไม่มีในระบบ
freestyle	ฟรีสไตล์	ยังไม่มีในระบบ
freeze	ฟรีซ	
fresh	เฟรช	
friendly	เฟรนด์ลี	ยังไม่มีในระบบ
friendship	เฟรนด์ชิป	
full	ฟุล	ยังไม่มีในระบบ
full time	ฟุลไทม์	ยังไม่มีในระบบ
function	ฟังก์ชัน	ยังไม่มีในระบบ
furniture	เฟอร์นิเจอร์	เฟอร์นิเชอร์
fuse	ฟิวส์	
fusion	ฟิวชัน	
future	ฟิวเชอร์	
gala	กาลา	
galactose	กาแล็กโทส	
galaxy	กาแล็กซี	
gallery	แกลเลอรี	
gallon	แกลลอน	
game	เกม	
game show	เกมโชว์	
gamma	แกมมา	
gang	แก๊ง	
gap	แก๊ป	กัป
garment	การ์เมนต์	
garter	การ์เตอร์	
gas	แก๊ส	ยังไม่มีในระบบ
gasohol	แกโซฮอล	ยังไม่มีในระบบ
gate	เกต	ยังไม่มีในระบบ
gateway	เกตเวย์	ยังไม่มีในระบบ
gauge	เกจ	
gauze	ก๊อซ	
gay	เกย์	
gear	เกียร์	
gel	เจล	ยังไม่มีในระบบ
gene	จีน	ยังไม่มีในระบบ
general	เจเนอรัล	ยังไม่มีในระบบ
generation	เจเนอเรชัน	
genius	จีเนียส	ยังไม่มีในระบบ
gentleman	เจนเทิลแมน	ยังไม่มีในระบบ
georgette	จอร์เจต	
germ	เจิร์ม	ยังไม่มีในระบบ
get	เก็ต	ยังไม่มีในระบบ
ghost	โกสต์	ยังไม่มีในระบบ
gift	กิฟต์	
gift set	กิฟต์เซต	
gift shop	กิฟต์ชอป	
gipsy / gypsy	ยิปซี	
giraffe	ยีราฟ	
glass	กลาส	
global	โกลบัล	
gloss	กลอส	
glucose	กลูโคส	
glue	กลู	
goal	โกล	
golf	กอล์ฟ	
good	กู๊ด	ยังไม่มีในระบบ
google	กูเกิล	ยังไม่มีในระบบ
gossip	กอสซิป	
gothic	กอทิก	
gout	เกาต์	
government	กัฟเวิร์นเมนต์	ยังไม่มีในระบบ
gown	กาวน์	
grade	เกรด	ยังไม่มีในระบบ
gradient	เกรเดียนต์	ยังไม่มีในระบบ
grain	เกรน	
grammar	แกรมมาร์	ยังไม่มีในระบบ
gramme	กรัม	
grand	แกรนด์	
grandslam	แกรนด์สแลม	
granite	แกรนิต	
graph	กราฟ	
graphic	กราฟิก	
graphic design	กราฟิกดีไซน์	ยังไม่มีในระบบ
greenhouse	กรีนเฮาส์	ยังไม่มีในระบบ
greenhouse effect	กรีนเฮาส์เอฟเฟกต์	ยังไม่มีในระบบ
grey	เกรย์	ยังไม่มีในระบบ
grid	กริด	ยังไม่มีในระบบ
grill	กริล	ยังไม่มีในระบบ
ground	กราวนด์	
group	กรุป	ยังไม่มีในระบบ
guaranty	การันตี	ยังไม่มีในระบบ
guard	การ์ด	
guest	เกสต์	ยังไม่มีในระบบ
guest house	เกสต์เฮาส์	
guide	ไกด์	
guidebook	ไกด์บุ๊ก	ยังไม่มีในระบบ
guideline	ไกด์ไลน์	ยังไม่มีในระบบ
guitar	กีตาร์	
gulf	กัลฟ์	ยังไม่มีในระบบ
guru	กูรู	ยังไม่มีในระบบ
gym	จิม	ยังไม่มีในระบบ
gymnasium	จิมเนเซียม	
gymnastic	ยิมนาสติก	
gypsum	ยิปซัม	
hack	แฮ็ก	ยังไม่มีในระบบ
hacker	แฮ็กเกอร์	ยังไม่มีในระบบ
hall	ฮอล	ยังไม่มีในระบบ
ham	แฮม	
hand made	แฮนด์เมด	ยังไม่มีในระบบ
handicraft	แฮนดีคราฟต์	
hang	แฮง	
happening	แฮปเพนนิง	ยังไม่มีในระบบ
happy	แฮปปี	
hard	ฮาร์ด	
hard core	ฮาร์ดคอร์	ยังไม่มีในระบบ
hard disk	ฮาร์ดดิสก์	
harem	ฮาเรม	ฮาเร็ม
harmonica	ฮาร์มอนิกา	ยังไม่มีในระบบ
hatchback	แฮตช์แบก	
hazard	ฮาซาร์ด	
head start	เฮดสตาร์ต	ยังไม่มีในระบบ
health	เฮลท์	
health food	เฮลท์ฟูด	ยังไม่มีในระบบ
heart	ฮาร์ต	
heater	ฮีตเตอร์	ยังไม่มีในระบบ
heatstroke	ฮีตสโตรก	ยังไม่มีในระบบ
helicopter	เฮลิคอปเตอร์	
hello	เฮลโล	
herb	เฮิร์บ	
herbal	เฮอร์บัล	
hero	ฮีโร	
heroine	เฮโรอิน	เฮโลอีน
hertz	เฮิรตซ์	
hi-fi	ไฮไฟ	
high school	ไฮสกูล	
high season	ไฮซีซัน	ยังไม่มีในระบบ
highlight	ไฮไลต์	
high-low	ไฮโลว์	
high-tech	ไฮเทก	
highway	ไฮเวย์	
hippie	ฮิปปี	
hippopotamus	ฮิปโปโปเตมัส	
hit	ฮิต	ยังไม่มีในระบบ
holiday	ฮอลิเดย์	ยังไม่มีในระบบ
hollywood	ฮอลลิวูด	
holy	โฮลี	
home	โฮม	ยังไม่มีในระบบ
home theatre	โฮมเทียเตอร์	
homecoming	โฮมคัมมิง	ยังไม่มีในระบบ
homemade	โฮมเมด	ยังไม่มีในระบบ
homepage	โฮมเพจ	
homesick	โฮมซิก	ยังไม่มีในระบบ
homestay	โฮมสเตย์	
honeymoon	ฮันนีมูน	
hood	ฮูด	
hooray	ฮูเรย์	
hormone	ฮอร์โมน	
horror	ฮอร์เรอร์	ยังไม่มีในระบบ
hospitality	ฮอสปิแทลิตี	
hot	ฮอต	
hotel	โฮเทล	
hotline	ฮอตไลน์	
hotshot	ฮอตชอต	ยังไม่มีในระบบ
hour	อาวเออร์	
how-to	ฮาวทู	ยังไม่มีในระบบ
hub	ฮับ	ยังไม่มีในระบบ
hurt	เฮิร์ต	ยังไม่มีในระบบ
hybrid	ไฮบริด	
hydroponics	ไฮโดรพอนิกส์	
hygene	ไฮจีน	
hypothesis	ไฮพอเทซิส	
hysteria	ฮิสทีเรีย	
ice	ไอซ์	ยังไม่มีในระบบ
ice-cream	ไอศกรีม	ยังไม่มีในระบบ
idea	ไอเดีย	ยังไม่มีในระบบ
ideal	ไอเดียล	ยังไม่มีในระบบ
idiot	อีเดียต	ยังไม่มีในระบบ
idol	ไอดอล	ยังไม่มีในระบบ
image	อิมเมจ	ยังไม่มีในระบบ
imam	อิหม่าม	
impact	อิมแพกต์	
import	อิมพอร์ต	
impossible	อิมพอสซิเบิล	
inclusive	อินคลูซิฟ	ยังไม่มีในระบบ
incredible	อินเครดิเบิล	ยังไม่มีในระบบ
indie	อินดี	ยังไม่มีในระบบ
indirect	อินไดเรกต์	
indoor	อินดอร์	ยังไม่มีในระบบ
infographic	อินโฟกราฟิก	
inform	อินฟอร์ม	ยังไม่มีในระบบ
infrared	อินฟราเรด	
injection	อินเจกชัน	
inner	อินเนอร์	
innocent	อินโนเซนต์	ยังไม่มีในระบบ
innovation	อินโนเวชัน	
input	อินพุต	
insert	อินเซิร์ต	ยังไม่มีในระบบ
inside	อินไซด์	
insight	อินไซต์	
install	อินสตอล	ยังไม่มีในระบบ
instruction	อินสตรักชัน	ยังไม่มีในระบบ
insurance	อินชัวรันซ์	ยังไม่มีในระบบ
intelligent	อินเทลลิเจนต์	
intensive	อินเทนซิฟ	ยังไม่มีในระบบ
inter	อินเตอร์	ยังไม่มีในระบบ
interactive	อินเตอร์แอกทิฟ	อินเทอร์แอกทิฟ
interior	อินทีเรียร์	
international	อินเตอร์แนชันนัล	
interne	อินเทิร์น	
internet	อินเทอร์เน็ต	
intersection	อินเตอร์เซกชัน	
interview	อินเตอร์วิว	ยังไม่มีในระบบ
intro	อินโทร	ยังไม่มีในระบบ
introduction	อินโทรดักชัน	
investment	อินเวสต์เมนต์	
invoice	อินวอยซ์	ยังไม่มีในระบบ
iodine	ไอโอดีน	
ion	ไอออน	ยังไม่มีในระบบ
iq	ไอคิว	ยังไม่มีในระบบ
item	ไอเทม	
jab	แย็บ	
jack	แจ็ก	
jacket	แจ็กเก็ต	
jackpot	แจ็กพอต	
jam	แยม	
jazz	แจซ	
jean	ยีน	
jeep	จีป	
jelly	เจลลี	ยังไม่มีในระบบ
jesus	เยซู	
jet	เจ็ต	
jewelry	จิวเวลรี	
jigsaw	จิกซอว์	
jingle	จิงเกิล	ยังไม่มีในระบบ
job	จ็อบ	
jockey	จอกกี	
jogging	จอกกิง	จ็อกกิง
join	จอยน์	
joint venture	จ็อยนต์เวนเซอร์	ยังไม่มีในระบบ
joke	โจ๊ก	
joker	โจ๊กเกอร์	โจกเกอร์
journal	เจอร์นัล	
journey	เจอร์นีย์	
joy	จอย	
jubilee	จูบิลี	
juice	จูซ	
jumbo	จัมโบ	
jump	จัมป์	
junction	จังก์ชัน	ยังไม่มีในระบบ
junk food	จังก์ฟูด	ยังไม่มีในระบบ
junk mail	จังก์เมล	ยังไม่มีในระบบ
karat	กะรัต	
keen	คีน	
keep	คีป	ยังไม่มีในระบบ
key	คีย์	
keyboard	คีย์บอร์ด	
keycard	คีย์การ์ด	ยังไม่มีในระบบ
keynote	คีย์โน้ต	
keyword	คีย์เวิร์ด	
khaki	กากี	ยังไม่มีในระบบ
kick	คิก	
kid	คิด	
kidnap	คิดแนป	
kidney	คิดนีย์	
kilo	กิโล	ยังไม่มีในระบบ
kinship	คินชิป	
kiosk	คีออสก์	
kit	คิต	ยังไม่มีในระบบ
kitchen	คิตเชน	
knee	นี	
knife	ไนฟ์	
knight	ไนต์	
knit	นิต	
knock	น็อก	
knock-down	น็อกดาวน์	
knock-out	น็อกเอาต์	
knot	นอต	
know-how	โนว์ฮาว	
knowledge	นอลิดจ์	ยังไม่มีในระบบ
lab	แล็บ	
laboratory	แลบอราเทอรี	แลบอราทอรี
lacquer	แล็กเกอร์	
lactose	แล็กโทส	
lady	เลดี	ยังไม่มีในระบบ
landing	แลนดิง	ยังไม่มีในระบบ
landmark	แลนด์มาร์ก	
landscape	แลนด์สเกป	
lane	เลน	ยังไม่มีในระบบ
laser	เลเซอร์	
late	เลต	
latitude	ละติจูด	
laundry	ลอนดรี	
lava	ลาวา	
law	ลอว์	ยังไม่มีในระบบ
layout	เลย์เอาต์	
leader	ลีดเดอร์	
leading	ลีดดิง	
league	ลีก	ยังไม่มีในระบบ
lecture	เลกเชอร์	
leisure	เลเชอร์	
lens	เลนส์	
lesbian	เลสเบี้ยน	
level	เลเวล	ยังไม่มีในระบบ
liberty	ลิเบอร์ตี	
library	ไลบรารี	ยังไม่มีในระบบ
life	ไลฟ์	ยังไม่มีในระบบ
lifeguard	ไลฟ์การ์ด	
lifespan	ไลฟ์สแปน	
lifestyle	ไลฟ์สไตล์	
lift	ลิฟต์	
like	ไลก์	
limit	ลิมิต	
limited edition	ลิมิเตดอิดิชัน	ลิมิติดอิดิชัน
limousine	ลิมูซีน	
line	ไลน์	
linen	ลินิน	
link	ลิงก์	
lipstick	ลิปสติก	
lip-synch	ลิปซิงก์	ยังไม่มีในระบบ
list	ลิสต์	ยังไม่มีในระบบ
litre	ลิตร	
lobby	ลอบบี	ล็อบบี
lobbyist	ลอบบีอิสต์	
location	โลเคชัน	
lock	ล็อก	
locker	ล็อกเกอร์	
locket	ล็อกเกต	
lodge	ลอดจ์	
log	ล็อก	ยังไม่มีในระบบ
logarithm	ลอการิทึม	
logic	ลอจิก	
logo	โลโก	
longitude	ลองจิจูด	
long-term	ลองเทอม	
look	ลุก	
lord	ลอร์ด	
lot	ลอต	ล็อต
lotion	โลชัน	
lottery	ลอตเตอรี่	
lounge	เลานจ์	
love	เลิฟ	ยังไม่มีในระบบ
love scene	เลิฟซีน	ยังไม่มีในระบบ
lucky	ลักกี	
luxury	ลักเชอรี	
macaroni	มะกะโรนี	
machanic	เมคานิก	
machine	มาชีน	
macro	แมโคร	
madam	มาดาม	
mafia	มาเฟีย	ยังไม่มีในระบบ
mag	แม็ก	ยังไม่มีในระบบ
magazine	แมกาซีน	
magic	แมจิก	
mail	เมล	
mailbox	เมลบอกซ์	ยังไม่มีในระบบ
main	เมน	ยังไม่มีในระบบ
majesty	มาเจสตี	
major	เมเจอร์	ยังไม่มีในระบบ
make	เมก	
maker	เมกเกอร์	
make up	เมกอัป	
mall	มอล	
man	แมน	ยังไม่มีในระบบ
manage	แมเนจ	ยังไม่มีในระบบ
management	แมเนจเมนต์	
manager	แมเนเจอร์	ยังไม่มีในระบบ
mansion	แมนชัน	
manual	แมนวล	ยังไม่มีในระบบ
map	แมป	ยังไม่มีในระบบ
marathon	มาราทอน	มาราธอน
mark	มาร์ก	
marker	มาร์กเกอร์	
market	มาร์เก็ต	
marketing	มาร์เก็ตติง	ยังไม่มีในระบบ
mascara	แมสการา	ยังไม่มีในระบบ
mascot	แมสก็อต	
mask	มาสก์	
massage	แมสซาจ	
master	มาสเตอร์	
master key	มาสเตอร์คีย์	ยังไม่มีในระบบ
matador	มาทาดอร์	
match	แมตช์	
mate	เมต	
material	มาทีเรียล	
math	แมท	ยังไม่มีในระบบ
matrix	เมทริกซ์	
maturity	มาชัวริตี	ยังไม่มีในระบบ
max	แมกซ์	ยังไม่มีในระบบ
maximum	แมกซิมัม	ยังไม่มีในระบบ
mean	มีน	
measure	เมเชอร์	ยังไม่มีในระบบ
media	มีเดีย	
medley	เมดลีย์	
meeting	มีตติง	
melody	เมโลดี	
memory	เมโมรี	ยังไม่มีในระบบ
menses	เมนซีส	ยังไม่มีในระบบ
menthol	เมนทอล	
menu	เมนู	ยังไม่มีในระบบ
merge	เมิร์จ	
merit	เมริต	ยังไม่มีในระบบ
message	เมสเซจ	
messenger	เมสเซนเจอร์	ยังไม่มีในระบบ
meter	มิเตอร์	
method	เมทอด	
metre	เมตร	
metric	เมตริก	
micro	ไมโคร	ยังไม่มีในระบบ
microfilm	ไมโครฟิล์ม	
microphone	ไมโครโฟน	
microscope	ไม่โครสโกป	ยังไม่มีในระบบ
microwave	ไม่โครเวฟ	
midnight	มิดไนต์	
midterm	มิดเทอม	
midyear	มิดเยียร์	
migraine	ไมเกรน	ยังไม่มีในระบบ
mile	ไมล์	
millennium	มิลเลนเนียม	
millionaire	มิลเลียนแนร์	ยังไม่มีในระบบ
mind	ไมนด์	ยังไม่มีในระบบ
mineral	มิเนอรัล	ยังไม่มีในระบบ
mini	มินิ	
minibus	มินิบัส	ยังไม่มีในระบบ
minimart	มินิมาร์ต	
minimum	มินิมัม	
miniskirt	มินิสเกิร์ต	
mint	มินต์	ยังไม่มีในระบบ
miracle	มิราเคิล	ยังไม่มีในระบบ
missa	มิสซา	
missile	มิสไซล์	
mission	มิสชัน	
missionary	มิสชันนารี	
mob	ม็อบ	
mobile	โมไบล์	
model	มอเดล	ยังไม่มีในระบบ
modem	โมเดม	
modern	มอเดิร์น	
modify	มอดิฟาย	ยังไม่มีในระบบ
module	มอดูล	ยังไม่มีในระบบ
moisture	มอยส์เชอร์	
molecule	โมเลกุล	
moment	โมเมนต์	
momentum	โมเมนตัม	
monitor	มอนิเตอร์	
mono	โมโน	
monopoly	โมโนโพลี	
monorail	โมโนเรล	
monster	มอนสเตอร์	
monument	มอนิวเมนต์	
mood	มูด	
mop	ม็อป	
moral	มอรัล	
morphine	มอร์ฟีน	
motel	โมเทล	
motherland	มาเทอร์แลน์	ยังไม่มีในระบบ
motivation	โมทิเวชัน	
motor	มอเตอร์	
motorcyle	มอเตอร์ไซเคิล	
motorway	มอเตอร์เวย์	ยังไม่มีในระบบ
motto	มอตโต	
mount	เมานต์	
mountain	เมาน์เทน	
mouse	เมาส์	
mouth	เมาท์	
movement	มูฟเมนต์	
multi media	มัลติมีเดีย	
mummy	มัมมี	มัมมี่
museum	มิวเซียม	ยังไม่มีในระบบ
music	มิวซิก	
mustard	มัสตาร์ด	
nail	เนล	
name	เนม	
nation	เนชัน	
national	แนชันนัล	
native	เนทิฟ	
natural	แนเชอรัล	
navigator	แนวิเกเตอร์	
necktie	เนกไท	
need	นีด	
negative	เนกาทิฟ	ยังไม่มีในระบบ
neon	นีออน	
nerd	เนิร์ด	ยังไม่มีในระบบ
net	เน็ต	ยังไม่มีในระบบ
network	เน็ตเวิร์ก	
neutron	นิวตรอน	
next	เน็กซต์	
nice	ไนซ์	นีซ
night club	ไนต์คลับ	
no	โน	ยังไม่มีในระบบ
nobody	โนบอดี	ยังไม่มีในระบบ
nominee	นอมินี	ยังไม่มีในระบบ
noname	โนเนม	ยังไม่มีในระบบ
nonsense	นอนเซนส์	
nonstop	นอนสต็อป	
normal	นอร์มัล	
north	นอร์ท	
notation	โนเทชัน	
note	โน้ต	
notebook	โน้ตบุ๊ก	
notepad	โน้ตแพด	ยังไม่มีในระบบ
nought	นอต	ยังไม่มีในระบบ
nouveau	นูโว	
novel	นอเวล	
novice	นอวิซ	
nuclear	นิวเคลียร์	
nucleus	นิวเคลียส	
nude	นูด	
number	นัมเบอร์	
numeral	นิวเมอรัล	
nursery	เนิร์สเซอรี	
nut	นอต	ยังไม่มีในระบบ
nutrient	นิวเทรียนต์	
nylon	ไนลอน	
o.k.	โอเค	ยังไม่มีในระบบ
o.t.	โอที	ยังไม่มีในระบบ
oasis	โอเอซิส	
object	ออบเจกต์	ยังไม่มีในระบบ
off	ออฟ	ยังไม่มีในระบบ
office	ออฟฟิศ	
offline	ออฟไลน์	ยังไม่มีในระบบ
offside	ออฟไซด์	
ohm	โอห์ม	
oil	ออยล์	ยังไม่มีในระบบ
old maid	โอลด์เมด	
olympic	โอลิมปิก	
omelette	ออมเลต	ยังไม่มีในระบบ
one-way	วันเวย์	
online	ออนไลน์	
open	โอเพน	ยังไม่มีในระบบ
open-air	โอเพนแอร์	ยังไม่มีในระบบ
opening	โอเพนนิง	
opera	โอเปรา	
operation	ออเพอเรชัน	
operator	ออเพอเรเตอร์	
opinion	โอพินียน	ยังไม่มีในระบบ
option	ออปชัน	
oral	ออรัล	ยังไม่มีในระบบ
orange juice	ออเรนจ์จูซ	ยังไม่มีในระบบ
orangutan	อุรังอุตัง	
orchestra	ออร์เคสตรา	
orchid	ออร์คิด	
order	ออร์เดอร์	
organ	ออร์แกน	
organic	ออร์แกนิก	
organization	ออร์กาไนเซชัน	ยังไม่มีในระบบ
organizer	ออร์กาไนเซอร์	ออร์แกไนเซอร์
oriental	ออเรียนทัล	
orientation	ออเรียนเทชัน	
original	ออริจินัล	
ounce	ออนซ์	
out	เอาต์	ยังไม่มีในระบบ
outcome	เอาต์คัม	
outdoor	เอาต์ดอร์	
outlet	เอาต์เลต	
outline	เอาต์ไลน์	
output	เอาต์พุต	
outsize	เอาต์ไซซ์	ยังไม่มีในระบบ
outsource	เอาต์ซอร์ซ	ยังไม่มีในระบบ
over	โอเวอร์	
overdose	โอเวอร์โดส	
overheat	โอเวอร์ฮีต	โอเวอร์เฮด
overload	โอเวอร์โหลด	ยังไม่มีในระบบ
oversize	โอเวอร์ไซซ์	ยังไม่มีในระบบ
overtime	โอเวอร์ไทม์	
oxygen	ออกซิเจน	
ozone	โอโซน	
pack	แพ็ก	
package	แพ็กเกจ	
page	เพจ	ยังไม่มีในระบบ
pager	เพจเจอร์	
paint	เพนต์	
pajama	พาจามา	
palm	ปาล์ม	
pan	แพน	ยังไม่มีในระบบ
panorama	พาโนรามา	
panda	แพนดา	
panel	แพเนล	ยังไม่มีในระบบ
panic	แพนิก	ยังไม่มีในระบบ
pant	แพนต์	ยังไม่มีในระบบ
pantry	แพนทรี	
paper	เพเปอร์	
parade	พาเรด	
paradigm	พาราไดม์	
paragraph	พารากราฟ	ยังไม่มีในระบบ
paramount	พาราเมานต์	
paranoid	พารานอยด์	ยังไม่มีในระบบ
parasite	ปรสิต	ยังไม่มีในระบบ
park	พาร์ก	
parliament	พาร์เลียเมนต์	
parquet	ปาร์เกต์	
parsec	พาร์เซก	
part	พาร์ต	
part time	พาร์ตไทม์	
participation	พาร์ทิซิเพชัน	
partner	พาร์ตเนอร์	
party	ปาร์ตี	
pass	พาส	ยังไม่มีในระบบ
passion	แพสชัน	ยังไม่มีในระบบ
passport	พาสปอร์ต	
password	พาสเวิร์ด	
pasteurize	พาสเชอไรซ์	
pattern	แพตเทิร์น	
pay	เพย์	
payee	เพย์อี	
peak	พีก	
pearl	เพิร์ล	
penny	เพนนี	
penthouse	เพนต์เฮาส์	
percent	เปอร์เซ็นต์	
perfect	เพอร์เฟกต์	
period	พีเรียด	
personnel	เพอร์โซนัล	ยังไม่มีในระบบ
pH	พีเอช	ยังไม่มีในระบบ
phase	เฟส	ยังไม่มีในระบบ
phobia	โฟเบีย	
phone	โฟน	
phone-in	โฟนอิน	ยังไม่มีในระบบ
piano	เปียโน	
pickup	พิกอัป	
picnic	ปิกนิก	
picture	พิกเชอร์	
pigment	พิกเมนต์	
pint	ไพนต์	
pipe	ไพป์	
piquet	พิเคต	
place	เพลซ	
plague	เพลก	
plain	เพลน	ยังไม่มีในระบบ
plan	แพลน	
planet	แพลเนต	
planking	แพลงกิง	ยังไม่มีในระบบ
plaque	พลาก	
plasma	พลาสมา	
plaster	ปลาสเตอร์	
plastic	พลาสติก	
plate	เพลต	
platform	แพล็ตฟอร์ม	
platinum	แพลทินัม	
playback	เพลย์แบ็ก	ยังไม่มีในระบบ
playboy	เพลย์บอย	
plaza	พลาซา	ยังไม่มีในระบบ
plot	พล็อต	
plug	ปลั๊ก	
plus	พลัส	
pocket money	พ็อกเกตมันนี	ยังไม่มีในระบบ
pocketbook	พ็อกเกตบุ๊ก	
podium	โพเดียม	
poem	โพเอม	ยังไม่มีในระบบ
point	พ็อยนต์	
poker	โป๊กเกอร์	
policy	พอลิซี	
politics	พอลิติกส์	
poll	โพล	
polo	โปโล	
polyclinic	พอลีคลินิก	
pool	พูล	
pop	พ็อป	พอป
popcorn	พอปคอร์น	พ็อปคอร์น
pope	โป๊ป	โพป
poppy	พอปปี	
popular	พอปพิวลาร์	พ็อปพิวลาร์
portfolio	พอร์ตโฟลิโอ	
pose	โพส	
positive	พอซิทิฟ	
possible	พอสซิเบิล	
post	โพสต์	
postcard	โปสการ์ด	
poster	โพสเตอร์	
post-it	โพสต์อิต	ยังไม่มีในระบบ
postscript	โพสต์สกริปต์	
posture	พอสเชอร์	ยังไม่มีในระบบ
pound	ปอนด์	
powder	พาวเดอร์	
power	พาวเวอร์	เพาว์เออร์
practice	แพร็กทิซ	
procedure	โพรซีเดอร์	ยังไม่มีในระบบ
premium	พรีเมียม	
pre-order	พรีออเดอร์	ยังไม่มีในระบบ
present	พรีเซนต์	
presentation	พรีเซนเทชัน	ยังไม่มีในระบบ
presenter	พรีเซนเตอร์	
president	เพรซิเดนต์	
press conference	เพรสคอนเฟอเรนซ์	
pretest	พรีเทสต์	ยังไม่มีในระบบ
pretty	พริตตี	
preview	พรีวิว	ยังไม่มีในระบบ
prewedding	พรีเวดดิง	ยังไม่มีในระบบ
primary	ไพรมารี	
prime time	ไพรม์ไทม์	
prince	พรินซ์	
principle	พรินซิเพิล	
print	พรินต์	
printer	พรินเตอร์	
prism	ปริซึม	
private	ไพรเวต	
prize	ไพรซ์	
pro	โพร	ยังไม่มีในระบบ
problem	พรอเบลม	
process	โพรเซส	ยังไม่มีในระบบ
producer	โพรดิวเซอร์	
product	โพรดักต์	พรอดักต์
production	โพรดักชัน	ยังไม่มีในระบบ
professional	โพรเฟสชันนัล	
professor	โพรเฟสเซอร์	
profile	โพรไฟล์	
profit	โพรฟิต	ยังไม่มีในระบบ
program	โปรแกรม	
programmer	โปรแกรมเมอร์	ยังไม่มีในระบบ
project	โพรเจกต์	
projector	โพรเจกเตอร์	
promise	พรอมิส	
promote	โพรโมต	
promotion	โพรโมชัน	
proof	ปรู๊ฟ	
property	พรอเพอร์ตี	ยังไม่มีในระบบ
protect	โพรเทกต์	ยังไม่มีในระบบ
protestant	โปรเตสแตนต์	
protocol	โพรโทคอล	ยังไม่มีในระบบ
proud	พราวด์	
psycho	ไซโค	ยังไม่มีในระบบ
pub	ผับ	
public	พับบลิก	
publishing	พับลิชชิง	ยังไม่มีในระบบ
pump	ปั๊ม	
puppy love	พัปปีเลิฟ	ยังไม่มีในระบบ
pure	เพียวร์	
pyramid	พีระมิด	
quality	ควอลิตี	ยังไม่มีในระบบ
quantum	ควอนตัม	
quantity	ควอนทิตี	
quart	ควอร์ต	ยังไม่มีในระบบ
quarter	ควอร์เตอร์	
quartz	ควอตซ์	
queen	ควีน	
questionnaire	เควสชันแนร์	
queue	คิว	
quick	ควิก	ยังไม่มีในระบบ
quinine	ควินิน	
quit	ควิต	
quiz	ควิซ	
quota	โควตา	
quotation	โควเทชัน	
quote	โควต	
race	เรซ	
racing	เรซซิง	
racket	แร็กเกต	
radar	เรดาร์	
radio	เรดีโอ	
rally	แรลลี	
range	เรนจ์	ยังไม่มีในระบบ
rate	เรต	
rating	เรตติง	
reaction	รีแอกชัน	
reader	รีดเดอร์	ยังไม่มีในระบบ
ready	เรดี	
realist	เรียลิสต์	
reality	เรียลิตี	ยังไม่มีในระบบ
recall	รีคอล	
receipt	รีซีต	
reception	รีเซปชัน	
record	เร็กคอร์ด	
recruit	รีครูต	ยังไม่มีในระบบ
recycle	รีไซเคิล	
reduce	รีดิวซ์	ยังไม่มีในระบบ
reengineering	รีเอนจิเนียริง	
reference	เรเฟอเรนซ์	
refill	รีฟิล	
reflect	รีเฟลกต์	ยังไม่มีในระบบ
reflex	รีเฟลกซ์	ยังไม่มีในระบบ
refresh	รีเฟรช	ยังไม่มีในระบบ
refund	รีฟันด์	
register	รีจิสเตอร์	ยังไม่มีในระบบ
reject	รีเจกต์	
relate	รีเลต	ยังไม่มีในระบบ
relax	รีแลกซ์	
relay	รีเลย์	
remark	รีมาร์ก	ยังไม่มีในระบบ
rematch	รีแมตช์	ยังไม่มีในระบบ
remote	รีโมต	ยังไม่มีในระบบ
remote control	รีโมตคอนโทรล	
renew	รีนิว	ยังไม่มีในระบบ
renovate	รีโนเวต	
rent	เรนต์	
repair	รีแพร์	ยังไม่มีในระบบ
repeat	รีพีต	ยังไม่มีในระบบ
replay	รีเพลย์	ยังไม่มีในระบบ
report	รีพอร์ต	ยังไม่มีในระบบ
reporter	รีพอร์ตเตอร์	ยังไม่มีในระบบ
reprint	รีพรินต์	ยังไม่มีในระบบ
request	รีเควสต์	
research	รีเซิร์ช	
reserve	รีเซิร์ฟ	ยังไม่มีในระบบ
resort	รีสอร์ต	ยังไม่มีในระบบ
response	เรสปอนส์	ยังไม่มีในระบบ
restaurant	เรสเตอรองต์	
restroom	เรสต์รูม	ยังไม่มีในระบบ
retail	รีเทล	ยังไม่มีในระบบ
retire	รีไทร์	ยังไม่มีในระบบ
retirement	รีไทร์เมนต์	
retouch	รีทัช	ยังไม่มีในระบบ
return	รีเทิร์น	
reuse	รียูส	ยังไม่มีในระบบ
review	รีวิว	
rewind	รีไวนด์	
ribbon	ริบบิ้น	
ringside	ริงไซด์	ยังไม่มีในระบบ
rinse	รินส์	
road map	โรดแมป	ยังไม่มีในระบบ
road show	โรดโชว์	ยังไม่มีในระบบ
roaming	โรมมิง	ยังไม่มีในระบบ
robot	โรบ็อต	
rock	ร็อก	
rock and roll	ร็อกแอนด์โรล	
rococo	โรโกโก	
role	โรล	
roll	โรล	ยังไม่มีในระบบ
roman	โรมัน	
romance	โรแมนซ์	
romantic	โรแมนติก	
roommate	รูมเมต	
root	รูต	
rotary	โรตารี	
roulette	รูเลต	รูเล็ตต์
round	ราวนด์	
routine	รูทีน	ยังไม่มีในระบบ
royal	รอยัล	
royalist	รอยัลลิสต์	ยังไม่มีในระบบ
rugby	รักบี้	
run	รัน	ยังไม่มีในระบบ
runway	รันเวย์	
sad	แซด	ยังไม่มีในระบบ
sadist	ซาดิสต์	ยังไม่มีในระบบ
safari	ซาฟารี	
safari park	ซาฟารีพาร์ก	ยังไม่มีในระบบ
safe	เซฟ	
safe house	เซฟเฮาส์	ยังไม่มีในระบบ
safeguard	เซฟการ์ด	ยังไม่มีในระบบ
safety	เซฟตี	
safety belt	เซฟตีเบลต์	
safety first	เซฟตีเฟิร์ส	ยังไม่มีในระบบ
safety net	เซฟตีเน็ต	ยังไม่มีในระบบ
safety zone	เซฟตีโซน	ยังไม่มีในระบบ
said	เซด	ยังไม่มีในระบบ
saint	เซนต์	ยังไม่มีในระบบ
salad	สลัด	ยังไม่มีในระบบ
salary	ซาลารี	ยังไม่มีในระบบ
sale	เซล	
sales office	เซลส์ออฟฟิศ	ยังไม่มีในระบบ
salesman	เซลส์แมน	
saloon	ซาลูน	
salute	สลุต	
salvo	ซัลโว	ยังไม่มีในระบบ
same	เซม	ยังไม่มีในระบบ
sample	แซมเพิล	ยังไม่มีในระบบ
sampling	แซมพลิง	ยังไม่มีในระบบ
sanction	แซงก์ชัน	
sanctuary	แซงก์ชัวรี	ยังไม่มีในระบบ
sandal	แซนดัล	
sandbag	แซนแบก	ยังไม่มีในระบบ
sandpaper	แซนด์เพเปอร์	ยังไม่มีในระบบ
sandstone	แซนด์สโตน	ยังไม่มีในระบบ
sandwich	แซนด์วิช	
santa	ซานตา	ยังไม่มีในระบบ
sapphire	แซฟไฟร์	แซปไฟร์
satellite	แซตเทลไลต์	ยังไม่มีในระบบ
satin	ซาติน	
sauce	ซอส	
sauna	เซานา	
save	เซฟ	ยังไม่มีในระบบ
sax	แซกซ์	
saxophone	แซ็กโซโฟน	
scaffolding	สแกฟโฟลดิง	ยังไม่มีในระบบ
scale	สเกล	
scan	สแกน	
scapegoat	สเกปโกต	ยังไม่มีในระบบ
scene	ซีน	
scent	เซนต์	
schedule	สเกจูล	ยังไม่มีในระบบ
scheme	สกีม	
scholar	สกอลาร์	
scholarship	สกอลาร์ชิป	
school	สกูล	
science	ไซเอนซ์	
scoop	สกูป	
scope	สโกป	
score	สกอร์	
score board	สกอร์บอร์ด	ยังไม่มีในระบบ
scout	สเกาต์	ยังไม่มีในระบบ
scramble	สแกรมเบิล	ยังไม่มีในระบบ
screen	สกรีน	
screen test	สกรีนเทสต์	ยังไม่มีในระบบ
screw	สกรูว์	
screwdriver	สกรูว์ไดรฟ์เวอร์	ยังไม่มีในระบบ
script	สกริปต์	
scroll	สโกรล	ยังไม่มีในระบบ
scrum	สกรัม	ยังไม่มีในระบบ
sea view	ซีวิว	ยังไม่มีในระบบ
seafood	ซีฟูด	
seal	ซีล	
search	เซิร์ช	
season	ซีซัน	
season ticket	ซีซันทิกเกต	ยังไม่มีในระบบ
seasoning	ซีซันนิง	ยังไม่มีในระบบ
seat belt	ซีตเบลต์	ยังไม่มีในระบบ
sec	เซ็ก	
secondhand	เซกคันด์แฮนด์	
second-rate	เซกคันด์เรต	ยังไม่มีในระบบ
secret	ซีเคร็ต	
security	ซีเคียวริตี	
security guard	ซีเคียวริตีการ์ด	ยังไม่มีในระบบ
sedan	ซีแดน	ยังไม่มีในระบบ
see through	ซีทรู	ยังไม่มีในระบบ
seed money	ซีดมันนี	ยังไม่มีในระบบ
seesaw	ซีซอว์	ยังไม่มีในระบบ
segment	เซกเมนต์	
select	ซีเลกต์	
self-confidence	เซลฟ์คอนฟิเดนซ์	ยังไม่มีในระบบ
selfie	เซลฟี	
self-interest	เซลฟ์อินเทอเรสต์	ยังไม่มีในระบบ
selfish	เซลฟิช	ยังไม่มีในระบบ
self-service	เซลฟ์เซอร์วิซ	ยังไม่มีในระบบ
semester	ซีเมสเตอร์	ยังไม่มีในระบบ
semi final	เซมิไฟนัล	ยังไม่มีในระบบ
semicolon	เซมิโคลอน	ยังไม่มีในระบบ
semiconductor	เซมิคอนดักเตอร์	ยังไม่มีในระบบ
seminar	เซมินาร์	ยังไม่มีในระบบ
senator	เซนาเตอร์	ยังไม่มีในระบบ
senior citizen	ซีเนียร์ซิติเซน	ยังไม่มีในระบบ
seniority	ซีนีออริตี	ยังไม่มีในระบบ
sense	เซนส์	
sensitive	เซนซิทิฟ	
sensor	เซนเซอร์	ยังไม่มีในระบบ
sentimental	เซนติเมนทัล	
septic tank	เซปติกแทงก์	ยังไม่มีในระบบ
serial killer	ซีเรียลคิลเลอร์	ยังไม่มีในระบบ
rerial number	ซีเรียลมันเบอร์	ยังไม่มีในระบบ
series	ซีรีส์	
serious	ซีเรียส	
serum	เซรุ่ม	
serve	เสิร์ฟ	
server	เซิร์ฟเวอร์	
service	เซอร์วิซ	
service center	เซอร์วิซเซนเตอร์	ยังไม่มีในระบบ
service charge	เซอร์วิซชาร์จ	ยังไม่มีในระบบ
service  mind	เซอร์วิซไมนด์	ยังไม่มีในระบบ
session	เซสชัน	ยังไม่มีในระบบ
set	เซต	
set menu	เซตเมนู	ยังไม่มีในระบบ
set up	เซตอัป	ยังไม่มีในระบบ
set zero	เซตซีโร	ยังไม่มีในระบบ
settle	เซตเทิล	ยังไม่มีในระบบ
sex	เซกซ์	เซ็กซ์
sex appeal	เซกซ์อัปพีล	ยังไม่มีในระบบ
sexy	เซกซี	
shade	เชด	
shake hand	เชกแฮนด์	
shake-up	เชกอัป	ยังไม่มีในระบบ
shampoo	แชมพู	
shape	เชป	
share	แชร์	
sharing	แชริง	ยังไม่มีในระบบ
sharp	ชาร์ป	
sharp curve	ชาร์ปเคิร์ฟ	ยังไม่มีในระบบ
sheet	ชีต	ยังไม่มีในระบบ
shipping	ชิปปิง	
shirt	เชิ้ต	
shock	ช็อก	
shop	ชอป	
shopping	ชอปปิง	
shopping bag	ชอปปิงแบก	ยังไม่มีในระบบ
short	ชอร์ต	
short list	ชอร์ตลิสต์	ยังไม่มีในระบบ
short memory	ชอร์ตเมโมรี	ยังไม่มีในระบบ
short note	ชอร์ตโน้ต	
short story	ชอร์ตสตอรี	ยังไม่มีในระบบ
short term	ชอร์ตเทอม	ยังไม่มีในระบบ
shortcut	ชอร์ตคัต	ยังไม่มีในระบบ
shorthand	ชอร์ตแฮนด์	ยังไม่มีในระบบ
shot	ช็อต	ยังไม่มีในระบบ
show	โชว์	
shower gel	ชาวเวอร์เจล	ยังไม่มีในระบบ
showmanship	โชว์แมนชิป	ยังไม่มีในระบบ
show-off	โชว์ออฟ	ยังไม่มีในระบบ
showroom	โชว์รูม	
shut in	ชัตอิน	ยังไม่มีในระบบ
shut up	ชัตอัป	ยังไม่มีในระบบ
shutout	ชัตเอาต์	ยังไม่มีในระบบ
shuttle bus	ชัตเทิลบัส	ยังไม่มีในระบบ
sideboard	ไซด์บอร์ด	
sideline	ไซด์ไลน์	ยังไม่มีในระบบ
sign	ไซน์	
signal	ซิกนัล	
signature	ซิกเนเจอร์	ซิกเนเชอร์
significant	ซิกนิฟิคันต์	ยังไม่มีในระบบ
silk	ซิลก์	
silicon	ซิลิคอน	
silo	ไซโล	
similarity	ซิมิแลริตี	
simile	ซิมิลี	
simple	ซิมเพิล	
sine	ไซน์	
single	ซิงเกิล	
single mum	ซิงเกิลมัม	ยังไม่มีในระบบ
single room	ซิงเกิลรูม	ยังไม่มีในระบบ
sink	ซิงก์	
sinus	ไซนัส	
siren	ไซเรน	
sit in	ซิตอิน	ยังไม่มีในระบบ
sit up	ซิตอัป	ยังไม่มีในระบบ
sitcom	ซิตคอม	ยังไม่มีในระบบ
site	ไซต์	ยังไม่มีในระบบ
six-pack	ซิกซ์แพ็ก	
sixth sense	ซิกซท์เซนส์	
size	ไซซ์	
skate	สเกต	
sketch	สเกตช์	
ski	สกี	
skill	สกิล	
skip	สกิป	ยังไม่มีในระบบ
skirt	สเกิร์ต	
sky walk	สกายวอล์ก	ยังไม่มีในระบบ
slack	สแล็ก	ยังไม่มีในระบบ
slang	สแลง	
sleeping bag	สลีปปิงแบก	ยังไม่มีในระบบ
slender	สเลนเดอร์	ยังไม่มีในระบบ
slice	สไลซ์	
slide	สไลด์	
slider	สไลเดอร์	
sliding door	สไลดิงดอร์	ยังไม่มีในระบบ
slim	สลิม	
sling	สลิง	ยังไม่มีในระบบ
slogan	สโลแกน	
slope	สโลป	ยังไม่มีในระบบ
slot machine	สล็อตมาชีน	
slow life	สโลว์ไลฟ์	ยังไม่มีในระบบ
slow motion	สโลว์โมชัน	
slum	สลัม	ยังไม่มีในระบบ
smart	สมาร์ต	
smart card	สมาร์ตการ์ด	
smart TV	สมาร์ตทีวี	ยังไม่มีในระบบ
smartphone	สมาร์ตโฟน	
smile	สไมล์	
smog	สม็อก	ยังไม่มีในระบบ
smoke	สโมก	
smooth	สมูท	ยังไม่มีในระบบ
snack	สแน็ก	ยังไม่มีในระบบ
snack bar	สแน็กบาร์	
snack box	สแน็ตบอกซ์	ยังไม่มีในระบบ
sniper	สไนเปอร์	ยังไม่มีในระบบ
snooker	สนุกเกอร์	
soccer	ซอกเกอร์	
social	โซเชียล	ยังไม่มีในระบบ
social life	โซเชียลไลฟ์	ยังไม่มีในระบบ
social media	โซเชียลมีเดีย	ยังไม่มีในระบบ
social network	โซเชียลเน็ตเวิร์ก	ยังไม่มีในระบบ
socialist	โซเชียลิสต์	
socket	ซ็อกเกต	ยังไม่มีในระบบ
soda	โซดา	
sodium	โซเดียม	
sofa	โซฟา	
soft	ซอฟต์	
soft drink	ซอฟต์ดริงก์	ยังไม่มีในระบบ
soft landing	ซอฟต์แลนดิง	
software	ซอฟต์แวร์	
solar	โซลา	ยังไม่มีในระบบ
solar cell	โซลาร์เซลล์	
sold out	โซลด์เอาต์	ยังไม่มีในระบบ
solo	โซโล	
sonar	โซนาร์	
sonic	ซอนิก	
sorry	ซอร์รี	ยังไม่มีในระบบ
sound	ซาวนด์	ยังไม่มีในระบบ
sound effect	ซาวนด์เอฟเฟกต์	
sound proof	ซาวนด์พรูฟ	
sounding board	ซาวน์ดิงบอร์ด	ยังไม่มีในระบบ
soundtrack	ซาวนด์แทร็ก	
soup	ซุป	
source	ซอร์ซ	
south	เซาท์	ยังไม่มีในระบบ
souvenir	ซูวิเนียร์	ยังไม่มีในระบบ
spa	สปา	
space	สเปซ	ยังไม่มีในระบบ
spaghetti	สปาเกตตี	
spam	สแปม	ยังไม่มีในระบบ
span	สแปน	
spare	สแปร์	ยังไม่มีในระบบ
spare part	สแปร์พาร์ต	ยังไม่มีในระบบ
spark	สปาร์ก	
spec	สเปก	
special	สเปเชียล	ยังไม่มีในระบบ
special dish	สเปเชียลดิช	ยังไม่มีในระบบ
special menu	สเปเชียลเมนู	ยังไม่มีในระบบ
specialist	สเปเชียลลิสต์	ยังไม่มีในระบบ
specialize	สเปเชียลไลซ์	ยังไม่มีในระบบ
specialty	สเปเซียลตี	
species	สปีชี	สปีชีส์
specification	สเปซิฟิเคชัน	ยังไม่มีในระบบ
spectroscope	สเปกโทรสโกป	
spectrum	สเปกตรัม	
speech	สปีช	
speed	สปีด	
speed limit	สปีดลิมิต	ยังไม่มีในระบบ
speedway	สปีดเวย์	
sperm	สเปิร์ม	
spillway	สปิลเวย์	ยังไม่มีในระบบ
spinal	สไปนัล	
spinoff	สปินอฟ	ยังไม่มีในระบบ
spirit	สปิริต	ยังไม่มีในระบบ
split	สปลิต	ยังไม่มีในระบบ
spoil	สปอยล์	
sponsor	สปอนเซอร์	
spore	สปอร์	
sport	สปอร์ต	
spot	สปอต	
spot check	สปอตเช็ก	ยังไม่มีในระบบ
spotlight	สปอตไลต์	
spray	สเปรย์	
spring	สปริง	
spring board	สปริงบอร์ด	
sprinkler	สปริงเคลอร์	
spur	สเปอร์	
spy	สปาย	
square	สแควร์	
squash	สควอช	ยังไม่มีในระบบ
stable	สเตเบิล	ยังไม่มีในระบบ
stadium	สเตเดียม	
staff	สตาฟ	
stainless	สเตนเลส	
stamp	สแตมป์	
stand	สแตนด์	
stand by	สแตนด์บาย	
standard	สแตนดาร์ด	
stand-in	สแตนด์อิน	ยังไม่มีในระบบ
star	สตาร์	
starch	สตาร์ช	
start	สตาร์ต	
start point	สตาร์ตพ็อยนต์	ยังไม่มีในระบบ
starter	สตาร์ตเตอร์	
start-up	สตาร์ตอัป	
statement	สเตตเมนต์	
station wagon	สเตชันแวกอน	ยังไม่มีในระบบ
status	สเตตัส	
steak	สเต๊ก	
steak house	สเต็กเฮาส์	
steal	สตีล	ยังไม่มีในระบบ
steam	สตีม	
stencil	สเตนซิล	
step	สเต็ป	
stereo	สเตรีโอ	
sterilize	สเตริไลซ์	
sterling	สเตอร์ลิง	
steroid	สเตรอยด์	
stethoscope	สเตโทสโกป	
stew	สตู	
steward	สจวร์ด	
sticker	สติกเกอร์	
stock	สต็อก	
stocking	สต็อกกิง	
stoneware	สโตนแวร์	
stool	สตูล	
stop	สต็อป	
store	สตอร์	
straight	สเตรต	
street food	สตรีตฟูด	
stress	สเตรส	ยังไม่มีในระบบ
strict	สตริกต์	ยังไม่มีในระบบ
strike	สไตรก์	ยังไม่มีในระบบ
string	สตริง	
stroke	สโตรก	ยังไม่มีในระบบ
structure	สตรักเชอร์	ยังไม่มีในระบบ
studio	สตูดีโอ	
stuff	สตัฟ	สตัฟฟ์
stuntman	สตันต์แมน	
style	สไตล์	
subject	ซับเจกต์	
subjective	ซับเจกทิฟ	ยังไม่มีในระบบ
submit	ซับมิต	ยังไม่มีในระบบ
subscribe	ซับสไกรบ์	
subsidize	ซับซิไดซ์	ยังไม่มีในระบบ
subsidy	ซับซิดี	ยังไม่มีในระบบ
subtitle	ซับไทเทิล	ยังไม่มีในระบบ
subway	ซับเวย์	
success	ซักเซส	ยังไม่มีในระบบ
sue	ซู	ยังไม่มีในระบบ
sugar	ชูการ์	ยังไม่มีในระบบ
sugar-free	ชูการ์ฟรี	ยังไม่มีในระบบ
suggest	ซักเจสต์	ยังไม่มีในระบบ
suicide	ซูไซด์	ยังไม่มีในระบบ
suite	สวีต	
sulphur	ซัลเฟอร์	
sultan	สุลต่าน	
summary	ซัมมารี	
summer	ซัมเมอร์	ยังไม่มีในระบบ
summit	ซัมมิต	
sundae	ซันเด	ยังไม่มีในระบบ
sunday market	ซันเดย์มาร์เกต	ยังไม่มีในระบบ
sunshine	ซันไชน์	
super	ซูเปอร์	
super sale	ซูเปอร์เซล	ยังไม่มีในระบบ
superb	ซูเพิร์บ	
supermarket	ซูเปอร์มาร์เกต	
supermodel	ซูเปอร์มอเดล	ยังไม่มีในระบบ
superstar	ซูเปอร์สตาร์	
supervisor	ซูเปอร์ไวเซอร์	
supper	ซัปเปอร์	ยังไม่มีในระบบ
supplement	ซัปพลิเมนต์	
supplier	ซัปพลายเออร์	
supply	ซัปพลาย	
supply chain	ซัปพลายเชน	ยังไม่มีในระบบ
support	ซัปพอร์ต	
supreme	ซูพรีม	
surcharge	เซอร์ชาร์จ	ยังไม่มีในระบบ
surd	เซิร์ด	
sure	ชัวร์	
surf	เซิร์ฟ	ยังไม่มีในระบบ
surfboard	เซิร์ฟบอร์ด	
surprise	เซอร์ไพรส์	
surreal	เซอร์เรียล	ยังไม่มีในระบบ
survey	เซอร์เวย์	
swap	สว็อป	ยังไม่มีในระบบ
sweater	สเวตเตอร์	
sweet	สวีต	
sweet dream	สวีตดรีม	ยังไม่มีในระบบ
sweetheart	สวีตฮาร์ต	ยังไม่มีในระบบ
swift	สวิฟต์	
swing	สวิง	ยังไม่มีในระบบ
switch	สวิตช์	
symbol	ซิมโบล	ยังไม่มีในระบบ
symbolic	ซิมบอลิก	ยังไม่มีในระบบ
symphony	ซิมโฟนี	
symposium	ซิมโพเซียม	
symptom	ซิมป์ตอม	
syndrome	ซินโดรม	ยังไม่มีในระบบ
synonym	ซินโนนิม	ยังไม่มีในระบบ
syntax	ซินแทกซ์	
syringe	ไซรินจ์	ไซริง
syrup	ไซรัป	ยังไม่มีในระบบ
system	ซิสเตม	
tactic	แทกติก	
tag team	แทกทีม	ยังไม่มีในระบบ
tailor	เทลเลอร์	ยังไม่มีในระบบ
take	เทก	
take action	เทกแอกชัน	ยังไม่มีในระบบ
take away	เทกอะเวย์	
take care	เทกแคร์	
take-home	เทกโฮม	
take over	เทกโอเวอร์	
take side	เทกไซด์	ยังไม่มีในระบบ
take time	เทกไทม์	ยังไม่มีในระบบ
take turn	เทกเทิร์น	ยังไม่มีในระบบ
talk	ทอล์ก	
talk show	ทอล์กโชว์	
tan	แทน	ยังไม่มีในระบบ
tank	แท็งก์	
tape	เทป	
target	ทาร์เกต	ยังไม่มีในระบบ
taste	เทสต์	
taster	เทสเตอร์	
tasty	เทสตี	
taxi	แท็กซี่	
teacher	ทีชเชอร์	
team	ทีม	
teamwork	ทีมเวิร์ก	
tease	ทีส	ยังไม่มีในระบบ
teaser	ทีเซอร์	ยังไม่มีในระบบ
technique	เทคนิค	
technology	เทคโนโลยี	
teenage	ทีนเอจ	
telecom	เทเลคอม	ยังไม่มีในระบบ
teleconference	เทเลคอนเฟอเรนซ์	ยังไม่มีในระบบ
telescope	เทเลสโกป	ยังไม่มีในระบบ
telex	เทเลกซ์	
template	เทมเพลต	
temporary card	เทมโพรารีการ์ด	ยังไม่มีในระบบ
temptation	เทมป์เทชัน	ยังไม่มีในระบบ
tent	เต็นท์	
term	เทอม	
terminal	เทอร์มินัล	ยังไม่มีในระบบ
terrace	เทอร์เรซ	
test	เทสต์	
tester	เทสเตอร์	ยังไม่มีในระบบ
text	เท็กซต์	ยังไม่มีในระบบ
textbook	เท็กซต์บุ๊ก	ยังไม่มีในระบบ
textile	เท็กซ์ไทล์	
theater	เทียเตอร์	
theme	ทีม	
theory	เทียรี	
therapy	เทราปี	ยังไม่มีในระบบ
thesis	ทีซิส	
think positive	ทิงก์พอซิทิฟ	ยังไม่มีในระบบ
think tank	ทิงก์แทงก์	ยังไม่มีในระบบ
thinner	ทินเนอร์	
thriller	ทริลเลอร์	ยังไม่มีในระบบ
through traffic	ทรูทราฟฟิก	ยังไม่มีในระบบ
thunder	ทันเดอร์	
thyroid	ไทรอยด์	
ticket booking	ทิกเกตบุกกิง	ยังไม่มีในระบบ
tie	ไท	ยังไม่มีในระบบ
time	ไทม์	
timing	ไทมิง	ยังไม่มีในระบบ
tincture	ทิงเจอร์	
tip	ทิป	
tissue	ทิชชู	
title	ไทเทิล	
toast	โทสต์	
toffee	ทอฟฟี่	
toilet	ทอยเลต	
toll way	โทลเวย์	
tomboy	ทอมบอย	
ton	ตัน	
tone	โทน	
tone down	โทนดาวน์	ยังไม่มีในระบบ
toner	โทนเนอร์	
tonic	ทอนิก	
tonsil	ทอนซิล	
top	ทอป	ยังไม่มีในระบบ
top hit	ทอปฮิต	ยังไม่มีในระบบ
top ten	ทอปเทน	ท็อปเทน
topic	ทอปปิก	ยังไม่มีในระบบ
topping	ทอปปิง	ท็อปปิง
top-secret	ทอปซีเคร็ต	ท็อปซีเคร็ต
top-up	ทอปอัป	ยังไม่มีในระบบ
total	โททัล	ยังไม่มีในระบบ
tough	ทัฟ	ยังไม่มีในระบบ
tour	ทัวร์	
tourism authority	ทัวริซึมออทอริตี	ยังไม่มีในระบบ
tourist	ทัวริสต์	
touist center	ทัวริสต์เซนเตอร์	ยังไม่มีในระบบ
tournament	ทัวร์นาเมนต์	ยังไม่มีในระบบ
tower	ทาวเวอร์	
town	ทาวน์	ยังไม่มีในระบบ
townhouse	ทาวน์เฮาส์	
track	แทร็ก	
tractor	แทร็กเตอร์	
trade	เทรด	ยังไม่มีในระบบ
trade mark	เทรดมาร์ก	
trader	เทรดเดอร์	ยังไม่มีในระบบ
trading	เทรดดิง	
tradition	ทราดิชัน	ยังไม่มีในระบบ
traditional	ทราดิชันนัล	ยังไม่มีในระบบ
architecture	อาร์คิเทกเชอร์	
traffic jam	ทราฟฟิกแจม	ยังไม่มีในระบบ
tragedy	แทรเจดี	
trailer	เทรลเลอร์	
train	เทรน	ยังไม่มีในระบบ
trainee	เทรนนี	ยังไม่มีในระบบ
trainer	เทรนเนอร์	
transcript	ทรานสกริปต์	
transfer	ทรานสเฟอร์	ยังไม่มีในระบบ
transformer	ทรานสฟอร์เมอร์	ยังไม่มีในระบบ
transit	ทรานซิต	
transition	ทรานซิชัน	ยังไม่มีในระบบ
transitional point	ทรานซิชันนัลพ็อยนต์	ยังไม่มีในระบบ
translation	ทรานสเลชัน	ยังไม่มีในระบบ
transparency	ทรานสแปเรนซี	ยังไม่มีในระบบ
transport	ทรานสปอร์ต	ยังไม่มีในระบบ
transportation	ทรานสปอร์เทชัน	ยังไม่มีในระบบ
travel	ทราเวล	แทรเวล
travel agency	ทราเวลเอเจนซี	ยังไม่มีในระบบ
traveller	ทราเวลเลอร์	ยังไม่มีในระบบ
treat	ทรีต	ยังไม่มีในระบบ
treatment	ทรีตเมนต์	
trend	เทรนด์	ยังไม่มีในระบบ
trendy	เทรนดี	ยังไม่มีในระบบ
trick	ทริก	
tricky	ทริกกี	ยังไม่มีในระบบ
trio	ทรีโอ	ยังไม่มีในระบบ
trip	ทริป	
tropical	ทรอพิคัล	ยังไม่มีในระบบ
trouble	ทรับเบิล	ยังไม่มีในระบบ
truck	ทรัก	
trump	ทรัมป์	
trunk	ทรังก์	ยังไม่มีในระบบ
trust	ทรัสต์	
trustee	ทรัสตี	
try out	ทรายเอาต์	ยังไม่มีในระบบ
T-shirt	ทีเชิ้ต	
tune	จูน	ยังไม่มีในระบบ
tunnel	ทันเนล	ยังไม่มีในระบบ
turn	เทิร์น	ยังไม่มีในระบบ
turnkey	เทิร์นคีย์	ยังไม่มีในระบบ
tutor	ติวเตอร์	ยังไม่มีในระบบ
tv	ทีวี	ยังไม่มีในระบบ
twilight	ทไวไลต์	
twin bed	ทวินเบด	ยังไม่มีในระบบ
type	ไทป์	ยังไม่มีในระบบ
typhoon	ไต้ฝุ่น	ยังไม่มีในระบบ
ugly	อักลี	ยังไม่มีในระบบ
ultrasound	อัลตราซาวนด์	
underground	อันเดอร์กราวนด์	
underwear	อันเดอร์แวร์	ยังไม่มีในระบบ
uniform	ยูนิฟอร์ม	ยังไม่มีในระบบ
unify	ยูนิฟาย	ยังไม่มีในระบบ
union	ยูเนียน	
unique	ยูนีก	
unisex	ยูนิเซกซ์	ยูนิเซ็กซ์
unit	ยูนิต	
unity	ยูนิตี	
universal	ยูนิเวอร์ซัล	
university	ยูนิเวอร์ซิตี	
unpack	อันแพ็ก	ยังไม่มีในระบบ
up to you	อัปทูยู	ยังไม่มีในระบบ
upcoming	อัปคัมมิง	ยังไม่มีในระบบ
update	อัปเดต	
upgrade	อัปเกรด	
uprising	อัปไรซิง	ยังไม่มีในระบบ
upset	อัปเซต	
urgent	เออร์เจนต์	
uric	ยูริก	
user	ยูสเซอร์	
utility	ยูทิลิตี	
u-turn	ยูเทิร์น	
vacation	วาเคชัน	ยังไม่มีในระบบ
vaccine	วัคซีน	
valentine	วาเลนไทน์	
valet parking	แวเลตพาร์กกิง	ยังไม่มีในระบบ
validate	แวลิเดต	ยังไม่มีในระบบ
value	แวลู	ยังไม่มีในระบบ
valve	วาล์ว	
van	แวน	ยังไม่มีในระบบ
vanda	แวนดา	
variety	วาไรตี	
variety show	วาไรตีโชว์	ยังไม่มีในระบบ
varnish	วาร์นิช	
VAT	แวต	ยังไม่มีในระบบ
vegetable	เวจเทเบิล	
veil	เวล	ยังไม่มีในระบบ
vending machine	เวนดิงมาชีน	ยังไม่มีในระบบ
version	เวอร์ชัน	
veto	วีโต	
victory	วิกทอรี	
video	วิดีโอ	
video conference	วิดีโอคอนเฟอเรนซ์	ยังไม่มีในระบบ
view	วิว	
villa	วิลลา	
vintage	วินเทจ	ยังไม่มีในระบบ
vinyl	ไวนิล	
viola	วีโอลา	
VIP	วีไอพี	ยังไม่มีในระบบ
viral	ไวรัล	ยังไม่มีในระบบ
virgin	เวอร์จิน	
virus	ไวรัส	
visa	วีซา	
vision	วิชัน	
visual	วิชวล	
vitamin	วิตามิน	
vocabulary	โวแคบิวลารี	
voice	วอยซ์	ยังไม่มีในระบบ
volleyball	วอลเลย์บอล	
volt	โวลต์	
volume	วอลูม	
volunteer	วอลันเทียร์	ยังไม่มีในระบบ
voodoo	วูดู	
vote	โหวต	
voucher	เวาเชอร์	
wait-and-see	เวตแอนด์ซี	ยังไม่มีในระบบ
waiting list	เวตติงลิสต์	ยังไม่มีในระบบ
waive	เวฟ	ยังไม่มีในระบบ
walk in	วอล์กอิน	
walker	วอล์กเกอร์	
walk-in closet	วอล์กอินคลอเซต	ยังไม่มีในระบบ
walking street	วอล์กกิงสตรีต	ยังไม่มีในระบบ
walkout	วอล์กเอาต์	
walkway	วอล์กเวย์	ยังไม่มีในระบบ
wallpaper	วอลเพเปอร์	วอลล์เพเปอร์
wall-to-wall	วอลทูวอล	ยังไม่มีในระบบ
war room	วอร์รูม	
wardrobe	วอร์ดโรบ	ยังไม่มีในระบบ
warm up	วอร์มอัป	
warm welcome	วอร์มเวลคัม	ยังไม่มีในระบบ
warranty	วอร์รันตี	ยังไม่มีในระบบ
wash-and-wear	วอชแอนด์แวร์	ยังไม่มีในระบบ
waste	เวสต์	ยังไม่มีในระบบ
waste time	เวสต์ไทม์	ยังไม่มีในระบบ
watch	วอตช์	
watch dog	วอตช์ดอก	ยังไม่มีในระบบ
waterproof	วอเตอร์พรูฟ	ยังไม่มีในระบบ
watt	วัตต์	
wave	เวฟ	ยังไม่มีในระบบ
wax	แวกซ์	
weak	วีก	ยังไม่มีในระบบ
web site	เว็บไซต์	
wedding studio	เวดดิงสตูดิโอ	ยังไม่มีในระบบ
week	วีก	
weekday	วีกเดย์	ยังไม่มีในระบบ
weekend	วีกเอนด์	
weight	เวต	
welcome	เวลคัม	ยังไม่มีในระบบ
welcome drink	เวลคัมดริงก์	ยังไม่มีในระบบ
welfare	เวลแฟร์	ยังไม่มีในระบบ
west	เวสต์	ยังไม่มีในระบบ
wheelchair	วีลแชร์	ยังไม่มีในระบบ
whisky	วิสกี้	
white	ไวต์	
whiteboard	ไวต์บอร์ด	
wholesale	โฮลเซล	ยังไม่มีในระบบ
wi-fi	ไวไฟ	ไวฟาย/วายฟาย
wig	วิก	ยังไม่มีในระบบ
wild card	ไวลด์การ์ด	ยังไม่มีในระบบ
win	วิน	ยังไม่มีในระบบ
wind farm	วินด์ฟาร์ม	ยังไม่มีในระบบ
window	วินโดว์	
wine	ไวน์	
wing	วิง	ยังไม่มีในระบบ
winner	วินเนอร์	
winter	วินเตอร์	
wiz	วิซ	ยังไม่มีในระบบ
wording	เวิร์ดดิง	ยังไม่มีในระบบ
work	เวิร์ก	ยังไม่มีในระบบ
work permit	เวิร์กเพอร์มิต	ยังไม่มีในระบบ
working woman	เวิร์กกิงวุแมน	ยังไม่มีในระบบ
work-out	เวิร์กเอาต์	ยังไม่มีในระบบ
workshop	เวิร์กชอป	เวิร์กช็อป
world	เวิลด์	
World Bank	เวิลด์แบงก์	ยังไม่มีในระบบ
worry	วอร์รี	
worth	เวิร์ท	ยังไม่มีในระบบ
wonderful	วันเดอร์ฟุล	
wrap-around	แรปอะราวนด์	ยังไม่มีในระบบ
wreath	หรีด	
wristband	ริสต์แบนด์	ยังไม่มีในระบบ
write	ไรต์	ยังไม่มีในระบบ
xerox	ซีรอกซ์	
x-rays	เอกซเรย์	
yacht	ยอช์ต	
yeast	ยีสต์	
yell	เยล	
yes	เยส	ยังไม่มีในระบบ
young blood	ยังบลัด	ยังไม่มีในระบบ
youtube	ยูทูบ	
yummy	ยัมมี	ยังไม่มีในระบบ
zenith	เซนิท	
zigzag	ซิกแซ็ก	
zip code	ซิปโคด	ยังไม่มีในระบบ
zippy	ซิปปี	
zombie	ซอมบี	ยังไม่มีในระบบ
zone	โซน	ยังไม่มีในระบบ
zoning	โซนนิง	ยังไม่มีในระบบ
zoom	ซูม	ยังไม่มีในระบบ
